Model,Cohen_d_Baseline_vs_Debias,Cohen_d_Baseline_vs_EstimateFirst
DeepSeek-V3.1,0.03282625876740068,0.2638703934657267
Llama-3.1-8B,0.07960861412984713,-0.301497837165936
Mistral-Large-3,0.513842797517921,0.2773458013103924
